0.png,0,AR,251218 Esg Dl
1.png,0,AR,251218 Esg Dl
2.png,0,AR,251218 Esg Dl
3.png,0,AR,251218 Esg Dl
4.png,0,AR,251218 Esg Dl
5.png,0,AR,251218 Esg Dl
6.png,0,AR,251218 Esg Dl
7.png,0,AR,251218 Esg Dl
8.png,0,AR,251218 Esg Dl
9.png,0,AR,251218 Esg Dl
10.png,0,AR,251218 Esg Dl
11.png,0,AR,251218 Esg Dl
12.png,0,AR,251218 Esg Dl
13.png,0,AR,251218 Esg Dl
14.png,0,AR,251218 Esg Dl
15.png,0,AR,251218 Esg Dl
26.png,1,ARS,251218 Esg Dl
27.png,1,ARS,251218 Esg Dl
28.png,1,ARS,251218 Esg Dl
29.png,1,ARS,251218 Esg Dl
30.png,1,ARS,251218 Esg Dl
31.png,1,ARS,251218 Esg Dl
32.png,1,ARS,251218 Esg Dl
33.png,1,ARS,251218 Esg Dl
34.png,1,ARS,251218 Esg Dl
35.png,1,ARS,251218 Esg Dl
36.png,1,ARS,251218 Esg Dl
37.png,1,ARS,251218 Esg Dl
38.png,1,ARS,251218 Esg Dl
39.png,1,ARS,251218 Esg Dl
40.png,1,ARS,251218 Esg Dl
41.png,1,ARS,251218 Esg Dl
42.png,1,ARS,251218 Esg Dl
43.png,1,ARS,251218 Esg Dl
44.png,1,ARS,251218 Esg Dl
45.png,1,ARS,251218 Esg Dl
46.png,0,AR,251218 Baiser PDM1
47.png,0,AR,251218 Baiser PDM1
48.png,0,AR,251218 Baiser PDM1
49.png,0,AR,251218 Baiser PDM1
50.png,0,AR,251218 Baiser PDM1
51.png,0,AR,251218 Baiser PDM1
52.png,0,AR,251218 Baiser PDM1
53.png,0,AR,251218 Baiser PDM1
54.png,0,AR,251218 Baiser PDM1
55.png,0,AR,251218 Baiser PDM1
56.png,0,AR,251218 Baiser PDM1
57.png,0,AR,251218 Baiser PDM1
58.png,0,AR,251218 Baiser PDM1
59.png,0,AR,251218 Baiser PDM1
60.png,0,AR,251218 Baiser PDM1
61.png,0,AR,251218 Baiser PDM1
72.png,1,ARS,251218 Baiser PDM1
73.png,1,ARS,251218 Baiser PDM1
74.png,1,ARS,251218 Baiser PDM1
75.png,1,ARS,251218 Baiser PDM1
76.png,1,ARS,251218 Baiser PDM1
77.png,1,ARS,251218 Baiser PDM1
78.png,1,ARS,251218 Baiser PDM1
79.png,1,ARS,251218 Baiser PDM1
80.png,1,ARS,251218 Baiser PDM1
81.png,1,ARS,251218 Baiser PDM1
82.png,1,ARS,251218 Baiser PDM1
83.png,1,ARS,251218 Baiser PDM1
84.png,1,ARS,251218 Baiser PDM1
85.png,1,ARS,251218 Baiser PDM1
86.png,1,ARS,251218 Baiser PDM1
87.png,1,ARS,251218 Baiser PDM1
88.png,1,ARS,251218 Baiser PDM1
89.png,1,ARS,251218 Baiser PDM1
90.png,1,ARS,251218 Baiser PDM1
91.png,1,ARS,251218 Baiser PDM1
92.png,0,AR,250808 ImpL2 InR
93.png,0,AR,250808 ImpL2 InR
94.png,0,AR,250808 ImpL2 InR
95.png,0,AR,250808 ImpL2 InR
96.png,0,AR,250808 ImpL2 InR
97.png,0,AR,250808 ImpL2 InR
98.png,0,AR,250808 ImpL2 InR
99.png,0,AR,250808 ImpL2 InR
100.png,0,AR,250808 ImpL2 InR
101.png,0,AR,250808 ImpL2 InR
102.png,0,AR,250808 ImpL2 InR
103.png,0,AR,250808 ImpL2 InR
114.png,1,ARS,250808 ImpL2 InR
115.png,1,ARS,250808 ImpL2 InR
116.png,1,ARS,250808 ImpL2 InR
117.png,1,ARS,250808 ImpL2 InR
118.png,1,ARS,250808 ImpL2 InR
119.png,1,ARS,250808 ImpL2 InR
120.png,1,ARS,250808 ImpL2 InR
121.png,1,ARS,250808 ImpL2 InR
122.png,1,ARS,250808 ImpL2 InR
123.png,1,ARS,250808 ImpL2 InR
124.png,1,ARS,250808 ImpL2 InR
125.png,1,ARS,250808 ImpL2 InR
126.png,1,ARS,250808 ImpL2 InR
127.png,1,ARS,250808 ImpL2 InR
128.png,1,ARS,250808 ImpL2 InR
129.png,1,ARS,250808 ImpL2 InR
130.png,1,ARS,250808 ImpL2 InR
131.png,0,AR,250815 ImpL2 InR
132.png,0,AR,250815 ImpL2 InR
133.png,0,AR,250815 ImpL2 InR
134.png,0,AR,250815 ImpL2 InR
135.png,0,AR,250815 ImpL2 InR
136.png,0,AR,250815 ImpL2 InR
137.png,0,AR,250815 ImpL2 InR
138.png,0,AR,250815 ImpL2 InR
139.png,0,AR,250815 ImpL2 InR
140.png,0,AR,250815 ImpL2 InR
141.png,0,AR,250815 ImpL2 InR
142.png,0,AR,250815 ImpL2 InR
143.png,0,AR,250815 ImpL2 InR
144.png,0,AR,250815 ImpL2 InR
145.png,0,AR,250815 ImpL2 InR
146.png,0,AR,250815 ImpL2 InR
147.png,0,AR,250815 ImpL2 InR
158.png,1,ARS,250815 ImpL2 InR
159.png,1,ARS,250815 ImpL2 InR
160.png,1,ARS,250815 ImpL2 InR
161.png,1,ARS,250815 ImpL2 InR
162.png,1,ARS,250815 ImpL2 InR
163.png,1,ARS,250815 ImpL2 InR
164.png,1,ARS,250815 ImpL2 InR
165.png,1,ARS,250815 ImpL2 InR
166.png,1,ARS,250815 ImpL2 InR
167.png,1,ARS,250815 ImpL2 InR
168.png,1,ARS,250815 ImpL2 InR
169.png,1,ARS,250815 ImpL2 InR
170.png,1,ARS,250815 ImpL2 InR
171.png,1,ARS,250815 ImpL2 InR
172.png,1,ARS,250815 ImpL2 InR
173.png,0,AR,250822 ImpL2 4EBP
174.png,0,AR,250822 ImpL2 4EBP
175.png,0,AR,250822 ImpL2 4EBP
176.png,0,AR,250822 ImpL2 4EBP
177.png,0,AR,250822 ImpL2 4EBP
178.png,0,AR,250822 ImpL2 4EBP
179.png,0,AR,250822 ImpL2 4EBP
180.png,0,AR,250822 ImpL2 4EBP
181.png,0,AR,250822 ImpL2 4EBP
182.png,0,AR,250822 ImpL2 4EBP
183.png,0,AR,250822 ImpL2 4EBP
184.png,0,AR,250822 ImpL2 4EBP
185.png,0,AR,250822 ImpL2 4EBP
186.png,0,AR,250822 ImpL2 4EBP
187.png,0,AR,250822 ImpL2 4EBP
188.png,0,AR,250822 ImpL2 4EBP
189.png,0,AR,250822 ImpL2 4EBP
200.png,1,ARS,250822 ImpL2 4EBP
201.png,1,ARS,250822 ImpL2 4EBP
202.png,1,ARS,250822 ImpL2 4EBP
203.png,1,ARS,250822 ImpL2 4EBP
204.png,1,ARS,250822 ImpL2 4EBP
205.png,1,ARS,250822 ImpL2 4EBP
206.png,1,ARS,250822 ImpL2 4EBP
207.png,1,ARS,250822 ImpL2 4EBP
208.png,1,ARS,250822 ImpL2 4EBP
209.png,1,ARS,250822 ImpL2 4EBP
210.png,1,ARS,250822 ImpL2 4EBP
211.png,1,ARS,250822 ImpL2 4EBP
212.png,1,ARS,250822 ImpL2 4EBP
213.png,1,ARS,250822 ImpL2 4EBP
